PROMPT CREATE TABLES
CREATE TABLE COUNTRIES
(
  COUNTRY_ID CHAR (2 BYTE) NOT NULL ,
  COUNTRY_NAME VARCHAR2 (40 BYTE) ,
  REGION_ID NUMBER,
  primary key (COUNTRY_ID)
) LOGGING ;
CREATE TABLE DEPARTMENTS
(
  DEPARTMENT_ID NUMBER (4) NOT NULL ,
  DEPARTMENT_NAME VARCHAR2 (30 BYTE) NOT NULL ,
  MANAGER_ID NUMBER (6) ,
  LOCATION_ID NUMBER (4),
  primary key (DEPARTMENT_ID)
) LOGGING ;
CREATE TABLE EMPLOYEES
(
  EMPLOYEE_ID NUMBER (6) North NULL ,
  FIRST_NAME VARCHAR2 (20 BYTE) ,
  LAST_NAME VARCHAR2 (25 BYTE) NOT NULL ,
  EMAIL VARCHAR2 (25 BYTE) NOT NULL ,
  PHONE_NUMBER VARCHAR2 (20 BYTE) ,
  HIRE_DATE DATE NOT NULL ,
  JOB_ID NUMBER(6) NOT NULL ,
  SALARY NUMBER (8,2) ,
  COMMISSION_PCT NUMBER (2,2) ,
  MANAGER_ID NUMBER (6) ,
  DEPARTMENT_ID NUMBER (4),
  primary key (EMPLOYEE_ID)
) LOGGING ;
CREATE TABLE JOBS
(
  JOB_ID NUMBER (6) NOT NULL ,
  JOB_TITLE VARCHAR2 (35 BYTE) NOT NULL ,
  MIN_SALARY NUMBER (6) ,
  MAX_SALARY NUMBER (6),
  primary key (JOB_ID)
) LOGGING ;
CREATE TABLE JOB_HISTORY
(
  EMPLOYEE_ID NUMBER (6) NOT NULL ,
  START_DATE DATE NOT NULL ,
  END_DATE DATE NOT NULL ,
  JOB_ID NUMBER(6) NOT NULL ,
  DEPARTMENT_ID NUMBER (4),
  primary key (EMPLOYEE_ID, START_DATE)
) LOGGING ;
CREATE TABLE LOCATIONS
(
  LOCATION_ID NUMBER (4) NOT NULL ,
  STREET_ADDRESS VARCHAR2 (40 BYTE) ,
  POSTAL_CODE VARCHAR2 (12 BYTE) ,
  CITY VARCHAR2 (30 BYTE) NOT NULL ,
  STATE_PROVINCE VARCHAR2 (25 BYTE) ,
  COUNTRY_ID CHAR (2 BYTE),
  primary key (LOCATION_ID)
) LOGGING ;
CREATE TABLE REGIONS
(
  REGION_ID NUMBER NOT NULL ,
  REGION_NAME VARCHAR2 (25 BYTE),
  primary key (REGION_ID)
) LOGGING ;

PROMPT ADD FOREIGN KEYS
alter table COUNTRIES add foreign key (REGION_ID) references REGIONS(REGION_ID);
alter table LOCATIONS add foreign key (COUNTRY_ID) references COUNTRIES(COUNTRY_ID);
alter table DEPARTMENTS add foreign key (LOCATION_ID) references LOCATIONS(LOCATION_ID);
alter table JOB_HISTORY add foreign key (DEPARTMENT_ID) references DEPARTMENTS(DEPARTMENT_ID);
alter table JOB_HISTORY add foreign key (EMPLOYEE_ID) references EMPLOYEES(EMPLOYEE_ID);
alter table JOB_HISTORY add foreign key (JOB_ID) references JOBS(JOB_ID);
alter table EMPLOYEES add foreign key (MANAGER_ID) references EMPLOYEES(EMPLOYEE_ID);
alter table EMPLOYEES add foreign key (DEPARTMENT_ID) references DEPARTMENTS(DEPARTMENT_ID);
alter table EMPLOYEES add foreign key (JOB_ID) references JOBS(JOB_ID);

PROMPT create sequences
CREATE SEQUENCE SEQ_EMPLOYEES MINVALUE 10
START WITH 10
    INCREMENT BY 1
    CACHE 10;

CREATE SEQUENCE SEQ_JOBS MINVALUE 10
START WITH 10
    INCREMENT BY 1
    CACHE 10;

CREATE SEQUENCE SEQ_LOCATIONS MINVALUE 10
START WITH 10
    INCREMENT BY 1
    CACHE 10;

CREATE SEQUENCE SEQ_REGIONS MINVALUE 10
START WITH 10
    INCREMENT BY 1
    CACHE 10;

PROMPT creating dummy data
INSERT INTO REGIONS VALUES (1, 'South America');
INSERT INTO REGIONS VALUES (2, 'North America');
INSERT INTO REGIONS VALUES (3, 'Europe');
COMMIT;

INSERT INTO COUNTRIES VALUES ('AR', 'Argentina', 1);
INSERT INTO COUNTRIES VALUES ('BR', 'Brasil', 1);
INSERT INTO COUNTRIES VALUES ('CH', 'Chile', 1);
INSERT INTO COUNTRIES VALUES ('US', 'United States', 2);
INSERT INTO COUNTRIES VALUES ('RS', 'Rusia', 3);
COMMIT;

INSERT INTO LOCATIONS VALUES (9999, 'P. Sherman', '1683', 'Baires', 'Malos Ayres', 'AR');
INSERT INTO LOCATIONS VALUES (9998, 'Saraza', '16453', 'Mpaz', 'Desaes', 'BR');
INSERT INTO LOCATIONS VALUES (9997, 'Wallaby', '16483', 'Merlo', 'Murbun', 'AR');
INSERT INTO LOCATIONS VALUES (9996, 'Portman', '16113', 'Junin', 'Melazo', 'RS');
COMMIT;

INSERT INTO DEPARTMENTS VALUES (1, 'Sistemas', 1, 2);
INSERT INTO DEPARTMENTS VALUES (2, 'RRHH', 2, 2);
INSERT INTO DEPARTMENTS VALUES (3, 'Contable', 3, 1);
COMMIT;

INSERT INTO JOBS VALUES (1, 'Plomero', 100, 10000);
INSERT INTO JOBS VALUES (2, 'Dev', 20000, 100000);
INSERT INTO JOBS VALUES (3, 'QA', 15000, 120000);
INSERT INTO JOBS VALUES (4, 'Administrativo', 14000, 65000);
COMMIT;

INSERT INTO EMPLOYEES VALUES (1, 'Manolo', 'Gomez', 'manolito@hotmail', '111111', sysdate, 1, 20000, 0.15, 1, 1);
INSERT INTO EMPLOYEES VALUES (2, 'Juancito', 'Robles', 'jcrobles@hotmail', '00000000', sysdate, 2, 15000, 0.15, 1, 1);
INSERT INTO EMPLOYEES VALUES (3, 'Cosme', 'Fulanito', 'cosmef@hotmail', '3434444', sysdate, 2, 100000, 0.15, 1, 2);
INSERT INTO EMPLOYEES VALUES (4, 'Bruce', 'Wayne', 'murcielago@hotmail', '111111', sysdate, 1, 255000, 0.15, 1, 1);
INSERT INTO EMPLOYEES VALUES (5, 'Peter', 'Petroni', 'pepe@hotmail', '2222', sysdate, 1, 200100, 0.15, 1, 3);
INSERT INTO EMPLOYEES VALUES (6, 'Sonya', 'Nintendi', 'sonin@hotmail', '777777', sysdate, 3, 200000, 0.15, 1, 3);
INSERT INTO EMPLOYEES VALUES (7, 'Esteban', 'Quito', 'banquito@hotmail', '1134111', sysdate, 1, 2530, 0.15, 1, 3);
COMMIT;

